,Databases,BA,BA_K,BA_BS,BA_CN
0,spect.mat,0.6862770562770563,0.6838095238095238,0.6769913419913419,0.7160389610389608
