,Databases,BA,BA_K,BA_BS,BA_CN
0,Banknote.mat,0.9877089799760206,0.7848097329762559,0.9137439350985511,0.7848097329762559
