,Databases,BA,BA_K,BA_BS,BA_CN
0,spect.mat,0.6903463203463203,0.669155844155844,0.7004437229437229,0.7060389610389609
