,Accuracy-O,Accuracy-K,Accuracy-BS,Accuracy-CN
0,0.9986842105263157,0.8609389531952086,0.8620781181717334,0.9794929294174333
