,Databases,Accuracy-O,Accuracy-K,Accuracy-BS,Accuracy-CN
0,sonar.mat,0.8483838383838384,0.8797474747474746,0.8436616161616162,0.8791666666666668
